name,height
Brynn Hobbs,156.03
Courtney Gilliam,163.16
Portia Lopez,156.89
Kylan David,157.53
Noah Meyers,165.53
Reese Davenport,168.31
Kuame England,158.70
Rooney Ortiz,161.24
Harriet Allen,165.90
Abdul Dixon,169.34
Jack Gregory,157.94
Lionel Larsen,165.39
Ila Byers,164.10
Deirdre Atkinson,161.18
Bruce Perkins,168.89
Jerome Dominguez,175.44
Nora Morrow,171.59
Giacomo Ayala,155.48
Omar Kirkland,155.11
Hope Richmond,175.13
Valentine Stout,162.99
Cally Erickson,161.38
Tara Warren,162.31
Wyatt Guy,153.54
Bianca Wagner,168.33
Hilary Manning,164.19
Yoshi Vaughan,164.81
May Farley,165.22
Tana Harrell,164.47
Ali Barnett,173.65
Andrew Powers,173.10
Darrel Schroeder,162.58
Prescott Key,160.77
Yasir Burns,164.60
Amber Short,160.36
Xander Noble,168.43
Hedwig Gardner,158.92
Jesse Holder,156.01
Kiara Weeks,171.39
Maryam Nelson,166.48
Amos Justice,162.05
Noble Calhoun,161.98
Audra Cote,172.19
Dacey Nichols,162.13
Allen Kirk,167.74
Anika May,157.14
Brody House,167.51
Aurora Levy,166.20
Piper Kidd,167.97
Cecilia Morrison,167.70
Chester Hurley,169.40
Iona Wong,166.20
Benjamin Combs,167.75
Gay Weiss,164.32
Xaviera Camacho,166.55
Zachery Strickland,159.95
Felix Wilson,168.26
Hall Clemons,161.97
Keefe Dillard,158.27
Charissa Paul,168.38
Candice Monroe,174.81
Ivana Mccarthy,172.68
Kieran Hawkins,164.65
Inez Reed,171.53
Madaline Nguyen,171.28
Willow Barber,161.21
Bryar Howard,165.00
Dillon English,164.62
Alexander Schroeder,161.94
Sybil Cohen,160.09
Jada Barton,170.34
Jonas Reid,169.58
Aimee Hardy,167.23
Audrey Brock,164.27
Barrett Herring,168.04
Lamar Mcdonald,170.70
Lilah Waller,162.88
Savannah Solomon,160.67
Tanisha Burnett,169.72
Ebony Bradley,153.86
Felicia Hamilton,161.17
Savannah Hansen,165.16
Tucker Yang,159.84
Chava Eaton,165.75
Abra Gutierrez,158.78
Kirsten Lester,164.96
Nerea Odom,159.30
Erich Joyce,168.82
Catherine Cohen,162.54
Samuel Sargent,166.79
Cailin May,164.37
Sheila Hogan,168.27
Walter Clayton,164.73
Cain Elliott,167.33
Olga Vang,159.06
Perry Deleon,169.24
Giacomo Pugh,163.43
Basia French,159.52
Ora Sellers,161.04
Erasmus Bruce,161.18
Aaron Clements,159.66
Alika Matthews,160.98
Eagan Delgado,165.95
Wallace Salas,173.08
Vladimir Moreno,157.95
Kitra Sears,166.35
Cassady Hogan,164.68
Lance Lancaster,161.99
Vance Barrera,170.49
Stone Landry,166.57
Madeson Cannon,176.94
Stacy Harris,164.93
Lee Collier,164.70
Moana Delgado,166.21
Xanthus Reyes,160.20
Florence Guerrero,159.40
Warren Shannon,171.13
Kessie Best,170.51
Jared Wilcox,156.34
Akeem Gaines,166.95
Breanna Hubbard,157.75
Lee Warren,152.16
Kirestin Vasquez,174.85
Todd Sawyer,161.22
Gareth Bryan,163.06
Heather Cooke,166.84
Roanna Knapp,161.43
Lars Alvarez,166.77
Micah Duke,167.53
Basia Jensen,158.48
Jarrod Ray,166.67
Michael Langley,165.75
Moana Reese,173.83
Sigourney Fernandez,170.94
Ethan Roth,165.12
Teagan Pittman,164.75
Walter Patterson,168.67
Colorado Holland,163.40
Lisandra Mendez,173.76
Lucy Riddle,157.88
Caesar Farley,165.76
Trevor Padilla,168.48
Arden Gallegos,159.95
Vera Ball,163.40
Imani Lloyd,164.51
Eleanor Dillard,164.86
Marsden Yates,165.89
Ashton Guerra,177.22
Kelsey Joyce,161.80
Sara Horne,167.20
Quinn Hardy,163.19
Caldwell Wade,166.77
Bryar Morrison,167.30
Macaulay Le,163.15
Hilda Simpson,156.09
Harrison Durham,158.06
Camilla Guzman,166.82
Ronan Buchanan,159.66
Teegan Burns,166.69
Clarke Kemp,165.34
Nash Holland,169.76
Martin Pearson,160.25
McKenzie Matthews,162.73
Angela Weeks,168.08
Jelani Davenport,164.47
Imogene Bartlett,169.49
Justine Rivers,165.96
Imogene Murphy,159.96
Libby Dennis,162.81
Declan Le,162.20
Bevis Neal,168.48
Derek Wilcox,171.56
TaShya Hurst,163.59
Demetrius Kirk,159.75
Fallon Morton,162.10
Vivian Buckley,163.40
Mona Schmidt,166.98
Maile Wall,168.19
Victoria Perez,162.57
Althea Mullins,166.74
Calvin Park,172.17
Jackson Oneil,158.32
Prescott Butler,169.27
Isadora Bean,165.56
Nola Dennis,171.38
Lillian Guthrie,162.20
Buckminster Sampson,161.25
Zachary Logan,163.78
Carlos Rojas,165.01
Darrel Rhodes,166.49
Sawyer George,169.86
Kasper Baird,161.52
Rahim Cooke,159.26
Elton Buckner,164.31
Ora Weiss,162.32
Nehru Mcpherson,160.00
May Winters,158.31
Alexandra Woods,163.76
Drake Rush,164.30
Alfonso Woods,166.94
Donna Guerra,162.02
Nigel Mcintyre,168.65
Medge Deleon,172.07
Stuart Lowe,165.51
Noel Mullen,175.58
Wylie Wright,162.74
Henry Nicholson,157.42
Kasimir Gillespie,161.14
Cynthia Graham,166.61
Meredith Pickett,170.05
Madaline Rodriquez,159.29
Kato Wooten,164.31
Lillith Chandler,166.96
Elliott Sosa,169.07
Honorato Rowland,159.97
Keith Stout,160.45
Raja Keith,165.86
Hayes Guzman,157.17
Zorita Cohen,164.36
Griffith Trevino,167.52
Cyrus Mosley,168.96
Jemima Nunez,163.38
Fleur Battle,163.05
Damian Salas,161.57
Ariel Frye,168.04
Lamar Beasley,162.87
Jason Matthews,154.38
Avram Orr,162.80
Kim Warner,168.52
Price Macias,159.94
Vladimir Sanchez,169.24
Amy Rosario,160.44
Brian Buckley,163.87
Jeanette Sampson,155.34
Guinevere Santiago,160.49
Allen Santiago,166.54
Sawyer Clayton,149.82
Blossom Sykes,164.92
Farrah Snider,166.86
Andrew Valencia,165.20
Jasper Clemons,162.61
Merritt Cox,160.56
Curran Green,164.47
Jayme Cooley,166.58
Stuart Dyer,166.25
Brielle Cervantes,166.22
Hollee Gould,161.13
Kitra Bonner,169.66
Neil Molina,155.07
Maya Webb,165.71
Thane Robinson,169.57
Malik Allison,156.49
Joan Gaines,166.74
Tanisha French,155.57
Rinah Schneider,162.59
Solomon Guthrie,164.24
Hamilton Carr,176.66
Maite Flynn,161.91
Naida Grimes,169.83
Venus Cortez,158.70
Aristotle Strickland,156.91
Clayton Koch,158.00
Zoe Russell,177.85
David Atkins,158.34
Calvin Walls,160.70
Talon Callahan,167.87
Nyssa Reed,167.59
Nyssa Golden,162.06
Indigo Torres,163.27
Elmo Schwartz,161.44
Preston Flores,168.25
Sage Fernandez,162.72
Xavier Bullock,163.91
Lacota French,162.69
Karleigh Jenkins,165.67
Scott Poole,165.81
Jayme Warren,168.33
Macon Kline,160.95
Kelsie Cantu,165.13
Fuller Mann,167.06
Gabriel Martinez,167.41
Shelley Espinoza,163.29
Ishmael Tran,160.73
Jordan Michael,164.98
Duncan Patterson,168.83
Kimberley Holman,159.92
Alan Morgan,168.98
Christen Kline,165.24
Amos Valdez,165.84
Aphrodite Fisher,167.11
Giselle Ayala,159.28
George Harrison,169.80
Carly Hyde,167.38
Melinda Mooney,156.41
Dexter English,172.09
Mark Cameron,158.04
Ginger Petty,171.35
Aristotle Fry,157.76
Merrill Chang,159.09
Hamilton Myers,158.56
Tallulah Parsons,163.64
Evangeline Peck,159.86
Lev Harvey,165.54
Adena Kelley,175.26
Merrill Patterson,156.95
Brody Franco,171.02
Charissa Dalton,162.53
Teagan Aguirre,156.42
Zia Pate,164.11
Ashton Love,163.48
MacKenzie Buckley,171.50
Ariel Hahn,168.08
Salvador Lamb,154.39
Christopher Rosales,154.28
Grant Ortiz,154.38
Nasim Manning,159.94
William Clarke,164.55
Eugenia Francis,158.22
Andrew Marsh,162.76
Julie Cook,167.44
Kylan Castro,164.21
Fatima Hardin,158.15
Camden Knapp,166.94
Charlotte Henry,161.50
Melissa Cabrera,169.98
Hope Lee,162.78
Jonas Nixon,154.56
Calvin Burris,165.51
Russell Hall,161.39
Urielle Calhoun,170.02
Kathleen Wilkins,170.63
Delilah Crawford,165.58
Paul Poole,163.74
Chase Hooper,181.07
Ria Martin,162.04
Laith Cannon,159.15
Moses Lang,159.12
Ethan Robles,158.97
Whilemina Cole,160.18
Olivia Tillman,159.17
Cassidy Nieves,161.95
Brett Combs,168.35
Wyoming Wiggins,172.32
Slade Harrell,171.15
Sebastian Newton,169.95
Roary Nichols,168.76
Wing Nash,155.17
Xantha Castillo,158.36
Kasimir Sherman,171.60
Macey Carroll,160.20
Mia Conway,164.76
Melvin Richmond,168.26
Stacey Mercado,165.47
Eleanor Bond,157.33
Neil Moon,157.67
Perry Marsh,162.80
Knox Cobb,164.79
Kirby Newton,162.36
Valentine Donaldson,161.81
Kessie Acosta,166.77
Bernard Merritt,162.58
Tobias Crosby,175.88
Maxine Santiago,174.30
Stacy Woods,164.61
Aurelia Park,158.34
Carolyn Newman,169.68
Derek Goodman,172.31
Violet Klein,167.32
Avye Cohen,158.98
Daria Huffman,170.37
Troy Chambers,160.29
Brody Moss,161.24
Fuller Velasquez,169.72
Coby Farley,166.80
Mufutau Ewing,170.38
Jonas Mills,162.10
Gannon Winters,165.39
Veronica James,168.84
Harper Donaldson,162.94
Leah King,162.53
Linus Delacruz,169.80
Ivan Odom,169.52
Devin Morris,165.60
Camilla Sutton,158.87
Hillary Singleton,168.26
Raymond Allen,164.73
September Ratliff,164.57
Briar Hess,167.89
Kirby Wheeler,167.24
Lenore Dyer,163.91
Chava Hurley,165.03
Elmo Torres,162.42
Fallon Compton,163.81
Lenore Mills,167.63
Vivian Brooks,167.56
Daryl Roth,166.14
Nerea Sherman,161.82
Rudyard Bishop,157.57
Meghan Barry,167.44
Carol Alston,165.40
Holly Alexander,159.60
Azalia Schneider,165.78
Carlos Sanchez,155.84
Hammett Rollins,166.86
Kerry Hardy,160.86
Idona Day,169.41
Indira Steele,163.64
Marsden Cobb,166.64
Megan Crosby,160.49
Asher Branch,164.79
Cairo Norris,155.22
Ebony Ellison,155.71
Jaden Pitts,165.06
Erich Fowler,168.22
Porter Holloway,171.72
Nevada Lambert,162.56
Zahir Franks,167.89
Gisela Waller,171.06
Galena Watkins,178.27
Norman Hale,167.81
Gail Carney,162.91
Scott Richmond,172.34
Maris Gutierrez,164.63
Akeem James,163.94
Hedley Farley,168.10
Juliet Keller,161.03
Harriet Schwartz,164.94
Hammett Elliott,164.51
Kermit Kinney,170.91
Oliver Mcguire,164.72
Charissa Duran,160.54
Lawrence Vance,166.78
Jason Shelton,168.44
Lawrence Garrett,162.53
Jillian Freeman,171.57
Kaitlin Brennan,163.18
Kirby Ingram,161.59
Deirdre Terry,166.08
Shafira Oneal,164.63
Fletcher Tran,173.75
Christine Howard,160.53
Chaney Gay,175.05
Reuben Gregory,165.09
Reuben Sweet,158.06
Alisa Strong,166.53
Nina Whitley,170.07
Eve Townsend,164.81
Cedric Parker,159.22
Shad Ramsey,159.92
Vera Davis,165.20
Leslie Huff,161.90
Nigel Stein,167.12
Lars Olson,153.90
Quamar Anthony,160.35
Joelle Oneal,171.44
Kessie Mckee,168.53
Jamalia Nunez,165.41
Elmo Downs,177.12
Julian Norton,168.12
Sara Hull,162.47
Hanna Harvey,170.19
Tanisha Herring,175.49
Nora Farrell,162.84
Ezekiel Griffin,162.78
McKenzie Austin,171.23
Jillian Mayer,160.51
Jaquelyn Paul,164.38
Imelda Oneal,162.61
Driscoll Gray,157.31
Olympia Cantrell,166.51
Daria Washington,164.27
Nicholas Nash,160.56
Trevor Pope,164.33
Xena Mcpherson,166.38
Summer Santana,176.73
Branden Gibson,162.07
Cleo Woodward,161.46
Kenyon Elliott,165.88
Lee Dunlap,163.74
Jaquelyn Pennington,170.48
Jamal Pena,165.86
Rinah Maxwell,164.74
Lara Osborne,160.71
Cody Rodgers,170.04
Adena Hess,158.57
Madeline Boyer,169.43
Maggy Rosario,159.20
Basil Mcintyre,170.08
Maia Alford,167.40
Nicholas Carroll,172.00
Renee Warner,162.57
Abigail Davenport,168.39
Yuli Houston,167.81
Valentine Sanford,171.28
Jolene Sawyer,151.32
Thor Dorsey,171.29
Giacomo Woods,158.82
Warren Hart,178.25
Hayley Moore,173.12
Basia Mann,166.27
